<?xml version="1.0" encoding="UTF-8"?>
<project-private xmlns="http://www.netbeans.org/ns/project-private/1">
    <editor-bookmarks xmlns="http://www.netbeans.org/ns/editor-bookmarks/2" lastBookmarkId="0"/>
    <open-files xmlns="http://www.netbeans.org/ns/projectui-open-files/2">
        <group>
            <file>file:/C:/Users/HP/OneDrive/Desktop/2211/shaheer%20umer/saad/CovidManagementSystem/src/covidmanagementsystem/Vaccine.java</file>
            <file>file:/C:/Users/HP/OneDrive/Desktop/2211/shaheer%20umer/saad/CovidManagementSystem/src/covidmanagementsystem/Central.java</file>
            <file>file:/C:/Users/HP/OneDrive/Desktop/2211/shaheer%20umer/saad/CovidManagementSystem/src/covidmanagementsystem/PatientSlip.java</file>
            <file>file:/C:/Users/HP/OneDrive/Desktop/2211/shaheer%20umer/saad/CovidManagementSystem/src/covidmanagementsystem/Welcome.java</file>
            <file>file:/C:/Users/HP/OneDrive/Desktop/2211/shaheer%20umer/saad/CovidManagementSystem/src/covidmanagementsystem/AdminAcessPanel.java</file>
            <file>file:/C:/Users/HP/OneDrive/Desktop/2211/shaheer%20umer/saad/CovidManagementSystem/src/covidmanagementsystem/PatientPanel.java</file>
            <file>file:/C:/Users/HP/OneDrive/Desktop/2211/shaheer%20umer/saad/CovidManagementSystem/src/covidmanagementsystem/Covid19Vaccinemanagement.java</file>
            <file>file:/C:/Users/HP/OneDrive/Desktop/2211/shaheer%20umer/saad/CovidManagementSystem/src/covidmanagementsystem/LoginExample.java</file>
            <file>file:/C:/Users/HP/OneDrive/Desktop/2211/shaheer%20umer/saad/CovidManagementSystem/src/covidmanagementsystem/covid-vaccine-injury-compensation.png</file>
            <file>file:/C:/Users/HP/OneDrive/Desktop/2211/shaheer%20umer/saad/CovidManagementSystem/src/covidmanagementsystem/Module.java</file>
            <file>file:/C:/Users/HP/OneDrive/Desktop/2211/shaheer%20umer/saad/CovidManagementSystem/src/covidmanagementsystem/City.java</file>
            <file>file:/C:/Users/HP/OneDrive/Desktop/2211/shaheer%20umer/saad/CovidManagementSystem/src/covidmanagementsystem/VaccineTable.java</file>
            <file>file:/C:/Users/HP/OneDrive/Desktop/2211/shaheer%20umer/saad/CovidManagementSystem/src/covidmanagementsystem/AdminCity.java</file>
            <file>file:/C:/Users/HP/OneDrive/Desktop/2211/shaheer%20umer/saad/CovidManagementSystem/src/covidmanagementsystem/AdminCentral.java</file>
            <file>file:/C:/Users/HP/OneDrive/Desktop/2211/shaheer%20umer/saad/CovidManagementSystem/src/covidmanagementsystem/LoginPage.java</file>
        </group>
    </open-files>
</project-private>
